index,label
0,Topic 1
1,Topic 2
2,Topic 3
3,Topic 4
4,Topic 5
5,Topic 6
6,Topic 7
7,Topic 8
8,Topic 9
9,Topic 10
10,Topic 11
11,Topic 12
12,Topic 13
13,Topic 14
14,Topic 15
15,Topic 16
16,Topic 17
17,Topic 18
18,Topic 19
19,Topic 20
20,Topic 21
21,Topic 22
22,Topic 23
23,Topic 24
24,Topic 25
25,Topic 26
26,Topic 27
27,Topic 28
28,Topic 29
29,Topic 30
30,Topic 31
31,Topic 32
32,Topic 33
33,Topic 34
34,Topic 35
35,Topic 36
36,Topic 37
37,Topic 38
38,Topic 39
39,Topic 40
40,Topic 41
41,Topic 42
42,Topic 43
43,Topic 44
44,Topic 45
45,Topic 46
46,Topic 47
47,Topic 48
48,Topic 49
49,Topic 50
50,Topic 51
51,Topic 52
52,Topic 53
53,Topic 54
54,Topic 55
55,Topic 56
56,Topic 57
57,Topic 58
58,Topic 59
59,Topic 60
60,Topic 61
61,Topic 62
62,Topic 63
63,Topic 64
64,Topic 65
65,Topic 66
66,Topic 67
67,Topic 68
68,Topic 69
69,Topic 70
70,Topic 71
71,Topic 72
72,Topic 73
73,Topic 74
74,Topic 75
75,Topic 76
76,Topic 77
77,Topic 78
78,Topic 79
79,Topic 80
80,Topic 81
81,Topic 82
82,Topic 83
83,Topic 84
84,Topic 85
85,Topic 86
86,Topic 87
87,Topic 88
88,Topic 89
89,Topic 90
90,Topic 91
91,Topic 92
92,Topic 93
93,Topic 94
94,Topic 95
95,Topic 96
96,Topic 97
97,Topic 98
98,Topic 99
99,Topic 100